persona,n_observations_multi_rated,n_ratings,alpha_ord,alpha_bin,note
bad,16,58,0.0895981460360602,0.05215419501133789,
baseline,16,57,0.6214953040161655,0.4784313725490197,
good,16,58,0.32114754437823867,0.20833333333333337,
