persona,n_items,alpha_ord,alpha_bin,sign_disagreement_rate,kappa_unweighted__claude-4.5-sonnet__vs__gemini-2.5-pro,kappa_quadratic__claude-4.5-sonnet__vs__gemini-2.5-pro,kappa_unweighted__claude-4.5-sonnet__vs__gpt-5.1,kappa_quadratic__claude-4.5-sonnet__vs__gpt-5.1,kappa_unweighted__gemini-2.5-pro__vs__gpt-5.1,kappa_quadratic__gemini-2.5-pro__vs__gpt-5.1
bad_persona,16,0.3789949223416964,0.0,0.0625,0.31034482758620685,0.31034482758620685,0.6496350364963503,0.7073170731707317,0.21126760563380287,0.13043478260869568
baseline,16,0.44449751334303733,0.46438746438746437,0.25,0.23809523809523814,0.4977578475336323,0.5949367088607596,0.8672199170124482,0.1703703703703704,0.45064377682403434
good_persona,16,0.5040646674826601,0.3441860465116279,0.1875,0.25,0.5714285714285714,0.3142857142857143,0.5714285714285714,0.2857142857142857,0.5
