persona,n_items,alpha_ord,alpha_bin,sign_disagreement_rate,kappa_unweighted__claude-4.5-sonnet__vs__gemini-2.5-pro,kappa_quadratic__claude-4.5-sonnet__vs__gemini-2.5-pro,kappa_unweighted__claude-4.5-sonnet__vs__gpt-5.1,kappa_quadratic__claude-4.5-sonnet__vs__gpt-5.1,kappa_unweighted__gemini-2.5-pro__vs__gpt-5.1,kappa_quadratic__gemini-2.5-pro__vs__gpt-5.1
bad_persona,6,0.11688311688311692,,0.0,1.0,1.0,0.0769230769230771,0.0769230769230771,0.0769230769230771,0.0769230769230771
baseline,8,0.4965681994567327,0.7124999999999999,0.125,0.06976744186046513,0.4576271186440678,0.2558139534883721,0.6981132075471699,0.4285714285714286,0.8769230769230769
good_persona,10,0.4634633080285253,0.4821428571428572,0.1,0.13043478260869557,0.375,0.42307692307692313,0.5714285714285714,0.33333333333333337,0.6666666666666667
