model,n_items,alpha_ord,alpha_bin,sign_disagreement_rate,kappa_unweighted__claude-4.5-sonnet__vs__gemini-2.5-pro,kappa_quadratic__claude-4.5-sonnet__vs__gemini-2.5-pro,kappa_unweighted__claude-4.5-sonnet__vs__gpt-5.1,kappa_quadratic__claude-4.5-sonnet__vs__gpt-5.1,kappa_unweighted__gemini-2.5-pro__vs__gpt-5.1,kappa_quadratic__gemini-2.5-pro__vs__gpt-5.1
gemini-2.5-flash,24,0.8307362648849008,0.7801857585139319,0.16666666666666666,0.5076923076923077,0.8376811594202899,0.7142857142857143,0.9280575539568345,0.40594059405940586,0.7760314341846758
gpt-4o-2024-11-20,24,0.8130594617654012,0.7662551440329218,0.16666666666666666,0.5038759689922481,0.8493150684931507,0.5294117647058824,0.8565022421524664,0.45038167938931295,0.7761194029850746
