principle,n_items,alpha_ord,alpha_bin,sign_disagreement_rate,kappa_unweighted__claude-4.5-sonnet__vs__gemini-2.5-pro,kappa_quadratic__claude-4.5-sonnet__vs__gemini-2.5-pro,kappa_unweighted__claude-4.5-sonnet__vs__gpt-5.1,kappa_quadratic__claude-4.5-sonnet__vs__gpt-5.1,kappa_unweighted__gemini-2.5-pro__vs__gpt-5.1,kappa_quadratic__gemini-2.5-pro__vs__gpt-5.1
be-transparent-and-honest,4497,0.7384766292673677,0.7258633049734278,0.19012675116744496,0.6602266948599657,0.8705275075301769,0.4316448415410765,0.7551167065969557,0.3705193363219653,0.700910838481485
design-for-equity-and-inclusion,4498,0.620903154525055,0.6759396937350896,0.16829702089817697,0.5917109843873476,0.8294744230044059,0.3958330277803396,0.6484994347283878,0.30381291690522483,0.6097771591151614
enable-meaningful-choices,4487,0.6398195727126732,0.788234787012791,0.11388455538221529,0.4054324297606162,0.77216979455522,0.5186773242449689,0.7666519660614839,0.27413123449317023,0.6992560253482455
enhance-human-capabilities,4489,0.6913759545558817,0.7167751978309174,0.1240810871018044,0.45953683851590266,0.7611076646896866,0.5496487936499856,0.7860475307611354,0.3883336179919322,0.7385062061840306
foster-healthy-relationships,4498,0.6862513540941848,0.8237822366458551,0.0935971542907959,0.4174748954369082,0.8377233268456535,0.3523162165172148,0.7579578620512661,0.4695628521806605,0.8139211188859349
prioritize-long-term-wellbeing,4495,0.7625815891657358,0.8452620057478399,0.07452725250278086,0.5031678580158978,0.8317986585987825,0.5872848793658986,0.815539808404267,0.47826104601848207,0.8294729786740019
protect-dignity-and-safety,4495,0.7011194884614884,0.8466993776926759,0.08031145717463849,0.4561402013254692,0.8363481793294281,0.5473261083367339,0.786854369974566,0.2879819364308641,0.7178563627867619
respect-user-attention,4497,0.6886196906365712,0.5825670620685,0.31309762063597957,0.4735743493246909,0.6794707661791464,0.3822680344762853,0.7240425471025475,0.29226707785259787,0.6868049268129446
