persona,n_items,alpha_ord,alpha_bin,sign_disagreement_rate,kappa_unweighted__claude-4.5-sonnet__vs__gemini-2.5-pro,kappa_quadratic__claude-4.5-sonnet__vs__gemini-2.5-pro,kappa_unweighted__claude-4.5-sonnet__vs__gpt-5.1,kappa_quadratic__claude-4.5-sonnet__vs__gpt-5.1,kappa_unweighted__gemini-2.5-pro__vs__gpt-5.1,kappa_quadratic__gemini-2.5-pro__vs__gpt-5.1
bad_persona,11808,0.7603938855388941,0.7535973824340528,0.17352642276422764,0.5406257215432955,0.8125620477201502,0.49009415534851186,0.78007804950626,0.35973483686752405,0.7534726256456155
baseline,11814,0.4695415692096443,0.5516793252272032,0.14889114609785,0.31663134493583367,0.5862079770541453,0.39887080350468407,0.6300996791392135,0.2722889612552535,0.5254787117151956
good_persona,11794,0.2875066508587276,0.3287122519454181,0.10861454977107003,0.20396106909558753,0.35270920359071056,0.33297639186090044,0.47526679249443327,0.1369869303568675,0.2718869029279336
