principle,n_items,alpha_ord,alpha_bin,sign_disagreement_rate,kappa_unweighted__claude-4.5-sonnet__vs__gemini-2.5-pro,kappa_quadratic__claude-4.5-sonnet__vs__gemini-2.5-pro,kappa_unweighted__claude-4.5-sonnet__vs__gpt-5.1,kappa_quadratic__claude-4.5-sonnet__vs__gpt-5.1,kappa_unweighted__gemini-2.5-pro__vs__gpt-5.1,kappa_quadratic__gemini-2.5-pro__vs__gpt-5.1
be-transparent-and-honest,6,0.7012471655328798,0.5802469135802468,0.3333333333333333,0.5,0.6666666666666667,0.3571428571428571,0.8,0.19999999999999996,0.631578947368421
design-for-equity-and-inclusion,6,0.9132653061224489,1.0,0.0,0.5384615384615384,0.8928571428571429,1.0,1.0,0.5384615384615384,0.8928571428571428
enable-meaningful-choices,6,0.9743589743589743,1.0,0.0,0.6666666666666667,0.9302325581395349,1.0,1.0,0.6666666666666667,0.9302325581395349
enhance-human-capabilities,6,0.9401016060308096,0.7384615384615385,0.16666666666666666,0.3999999999999999,0.8888888888888888,0.6666666666666667,0.8888888888888888,0.3999999999999999,0.7058823529411764
foster-healthy-relationships,6,0.8045977011494253,1.0,0.0,0.5,0.9090909090909091,0.3076923076923076,0.847457627118644,0.6666666666666666,0.9523809523809523
prioritize-long-term-wellbeing,6,0.8848238482384824,1.0,0.0,0.6666666666666667,0.9523809523809523,0.7272727272727273,0.9411764705882353,0.4545454545454545,0.9
protect-dignity-and-safety,6,0.7325467059980335,0.36250000000000004,0.5,0.3793103448275862,0.8421052631578947,0.17241379310344818,0.6923076923076923,0.3793103448275862,0.5090909090909091
respect-user-attention,6,0.7387037037037036,0.575,0.3333333333333333,0.3999999999999999,0.6666666666666667,0.75,0.8888888888888888,0.22580645161290314,0.6037735849056602
