persona,n_items,alpha_ord,alpha_bin,sign_disagreement_rate,kappa_unweighted__claude-4.5-sonnet__vs__gemini-2.5-pro,kappa_quadratic__claude-4.5-sonnet__vs__gemini-2.5-pro,kappa_unweighted__claude-4.5-sonnet__vs__gpt-5.1,kappa_quadratic__claude-4.5-sonnet__vs__gpt-5.1,kappa_unweighted__gemini-2.5-pro__vs__gpt-5.1,kappa_quadratic__gemini-2.5-pro__vs__gpt-5.1
bad_persona,11988,0.7606036960201007,0.7530636846349077,0.17400734067400733,0.542589266998401,0.8135055434469752,0.4891986413086502,0.7795553306770311,0.3598039811155952,0.7529898107229444
baseline,11994,0.47021568747379094,0.5468127852056708,0.15032516258129064,0.32079063587712875,0.5866548875116064,0.3965215927175638,0.6265034583035134,0.2720295614239784,0.5248827871848387
good_persona,11974,0.28902389562077324,0.32964954731242313,0.10990479371972607,0.2069151621816746,0.35440547823661417,0.3335130949046794,0.4744624619478295,0.13860416864081604,0.2728836897262299
